bmean,bsd,omean,osd,rmean,rsd
50969620.82258064,59118049.42752188,20079787.586021505,34121100.69999694,58.427258064516124,20.151146489651186
